<?xml version="1.0" encoding="UTF-8"?>
<office:document-meta xmlns:office="urn:oasis:names:tc:opendocument:xmlns:office:1.0" xmlns:xlink="http://www.w3.org/1999/xlink" xmlns:dc="http://purl.org/dc/elements/1.1/" xmlns:meta="urn:oasis:names:tc:opendocument:xmlns:meta:1.0" xmlns:ooo="http://openoffice.org/2004/office" xmlns:grddl="http://www.w3.org/2003/g/data-view#" office:version="1.2"><office:meta><meta:creation-date>2011-08-21T17:11:13.92</meta:creation-date><dc:date>2019-09-15T11:58:07.785167021</dc:date><meta:editing-duration>P1DT13H24M15S</meta:editing-duration><meta:editing-cycles>1372</meta:editing-cycles><meta:generator>LibreOffice/6.0.7.3$Linux_X86_64 LibreOffice_project/00m0$Build-3</meta:generator><meta:document-statistic meta:table-count="0" meta:image-count="1" meta:object-count="0" meta:page-count="50" meta:paragraph-count="481" meta:word-count="9638" meta:character-count="78071" meta:non-whitespace-character-count="67939"/></office:meta></office:document-meta>